{"cameraMode":{"drawMode":0,"name":"Shaded","section":"Shading Mode"},"sceneLighting":true,"audioPlay":false,"sceneViewState":{"m_AlwaysRefresh":false,"showFog":true,"showSkybox":false,"showFlares":true,"showImageEffects":true,"showParticleSystems":true,"showVisualEffectGraphs":true,"m_FxEnabled":true},"in2DMode":false,"pivot":{"x":17.639999389648439,"y":2.6050000190734865,"z":16.450000762939454},"rotation":{"x":-0.10993597656488419,"y":0.2552160918712616,"z":-0.02922128327190876,"w":-0.9601702094078064},"size":8.487048149108887,"orthographic":false}