{"cameraMode":{"drawMode":0,"name":"Shaded","section":"Shading Mode"},"sceneLighting":true,"audioPlay":false,"sceneViewState":{"m_AlwaysRefresh":false,"showFog":true,"showSkybox":true,"showFlares":true,"showImageEffects":true,"showParticleSystems":true,"showVisualEffectGraphs":true,"m_FxEnabled":true},"in2DMode":false,"pivot":{"x":0.1786918044090271,"y":1.0185370445251465,"z":-5.405118942260742},"rotation":{"x":-0.10237251222133637,"y":0.4966641068458557,"z":-0.059131644666194919,"w":-0.859856128692627},"size":3.9073946475982668,"orthographic":false}